danceability,energy,key,loudness,mode,speechiness,acousticness,instrumentalness,liveness,valence,tempo,type,id,uri,track_href,analysis_url,duration_ms,time_signature,genre
0.614,0.379,4,-10.48,1,0.0476,0.607,0.000464,0.0986,0.201,107.989,audio_features,1HNkqx9Ahdgi1Ixy2xkKkL,spotify:track:1HNkqx9Ahdgi1Ixy2xkKkL,https://api.spotify.com/v1/tracks/1HNkqx9Ahdgi1Ixy2xkKkL,https://api.spotify.com/v1/audio-analysis/1HNkqx9Ahdgi1Ixy2xkKkL,258987,4,"['pop', 'uk pop']"
0.748,0.524,8,-5.599,1,0.0338,0.414,0,0.111,0.661,95.01,audio_features,7BKLCZ1jbUBVqRi2FVlTVw,spotify:track:7BKLCZ1jbUBVqRi2FVlTVw,https://api.spotify.com/v1/tracks/7BKLCZ1jbUBVqRi2FVlTVw,https://api.spotify.com/v1/audio-analysis/7BKLCZ1jbUBVqRi2FVlTVw,244960,4,"['dance pop', 'electropop', 'pop', 'tropical house', 'dance pop', 'electropop', 'etherpop', 'indie poptimism', 'pop', 'post-teen pop']"
0.422,0.264,8,-7.064,1,0.0322,0.922,0,0.132,0.331,119.93,audio_features,3U4isOIWM3VvDubwSI3y7a,spotify:track:3U4isOIWM3VvDubwSI3y7a,https://api.spotify.com/v1/tracks/3U4isOIWM3VvDubwSI3y7a,https://api.spotify.com/v1/audio-analysis/3U4isOIWM3VvDubwSI3y7a,269560,4,"['neo soul', 'pop', 'r&b', 'urban contemporary']"
0.708,0.648,6,-5.626,1,0.0449,0.0956,0,0.134,0.338,143.955,audio_features,45Egmo7icyopuzJN0oMEdk,spotify:track:45Egmo7icyopuzJN0oMEdk,https://api.spotify.com/v1/tracks/45Egmo7icyopuzJN0oMEdk,https://api.spotify.com/v1/audio-analysis/45Egmo7icyopuzJN0oMEdk,201707,4,"['pop', 'dance pop', 'pop', 'post-teen pop', 'r&b']"
0.258,0.437,11,-6.593,0,0.039,0.101,1.27e-06,0.106,0.0967,180.043,audio_features,1j4kHkkpqZRBwE0A4CN4Yv,spotify:track:1j4kHkkpqZRBwE0A4CN4Yv,https://api.spotify.com/v1/tracks/1j4kHkkpqZRBwE0A4CN4Yv,https://api.spotify.com/v1/audio-analysis/1j4kHkkpqZRBwE0A4CN4Yv,239000,4,"['dance pop', 'electropop', 'pop', 'post-teen pop', 'australian dance', 'australian pop', 'dance pop', 'pop']"
0.624,0.876,9,-3.374,1,0.1,0.0735,0,0.327,0.781,99.943,audio_features,0afhq8XCExXpqazXczTSve,spotify:track:0afhq8XCExXpqazXczTSve,https://api.spotify.com/v1/tracks/0afhq8XCExXpqazXczTSve,https://api.spotify.com/v1/audio-analysis/0afhq8XCExXpqazXczTSve,170827,4,"['pop', 'uk pop']"
0.64,0.743,10,-4.08,1,0.0379,0.269,0,0.101,0.361,122.035,audio_features,5fVZC9GiM4e8vu99W0Xf6J,spotify:track:5fVZC9GiM4e8vu99W0Xf6J,https://api.spotify.com/v1/tracks/5fVZC9GiM4e8vu99W0Xf6J,https://api.spotify.com/v1/audio-analysis/5fVZC9GiM4e8vu99W0Xf6J,262533,4,"['ambient worship', 'modern rock', 'neo mellow', 'piano rock', 'pop', 'pop rock']"
0.69,0.622,5,-5.025,0,0.0622,0.253,0,0.116,0.544,102.04,audio_features,6uBhi9gBXWjanegOb2Phh0,spotify:track:6uBhi9gBXWjanegOb2Phh0,https://api.spotify.com/v1/tracks/6uBhi9gBXWjanegOb2Phh0,https://api.spotify.com/v1/audio-analysis/6uBhi9gBXWjanegOb2Phh0,210091,4,"['complextro', 'dance pop', 'edm', 'german techno', 'pop', 'post-teen pop', 'tropical house', 'canadian contemporary r&b', 'dance pop', 'electropop', 'pop', 'post-teen pop', 'r&b']"
0.355,0.918,1,-4.36,1,0.0746,0.00119,0,0.0971,0.24,148.114,audio_features,3n3Ppam7vgaVa1iaRUc9Lp,spotify:track:3n3Ppam7vgaVa1iaRUc9Lp,https://api.spotify.com/v1/tracks/3n3Ppam7vgaVa1iaRUc9Lp,https://api.spotify.com/v1/audio-analysis/3n3Ppam7vgaVa1iaRUc9Lp,222200,4,"['indie rock', 'modern rock', 'permanent wave', 'rock']"
0.584,0.54,1,-7.786,0,0.0576,0.0895,0,0.261,0.195,137.972,audio_features,3ebXMykcMXOcLeJ9xZ17XH,spotify:track:3ebXMykcMXOcLeJ9xZ17XH,https://api.spotify.com/v1/tracks/3ebXMykcMXOcLeJ9xZ17XH,https://api.spotify.com/v1/audio-analysis/3ebXMykcMXOcLeJ9xZ17XH,220883,4,"['big room', 'edm', 'pop', 'progressive house', 'tropical house', 'dance pop', 'pop', 'post-teen pop', 'uk pop']"
0.684,0.619,10,-7.005,1,0.0386,0.0716,0,0.122,0.284,125.046,audio_features,65fpYBrI8o2cfrwf2US4gq,spotify:track:65fpYBrI8o2cfrwf2US4gq,https://api.spotify.com/v1/tracks/65fpYBrI8o2cfrwf2US4gq,https://api.spotify.com/v1/audio-analysis/65fpYBrI8o2cfrwf2US4gq,217440,4,"['hollywood', 'post-teen pop', 'show tunes', 'dance pop', 'pop', 'post-teen pop', 'viral pop']"
0.508,0.72,11,-5.908,0,0.0628,0.272,0,0.0563,0.472,79.983,audio_features,4JehYebiI9JE8sR8MisGVb,spotify:track:4JehYebiI9JE8sR8MisGVb,https://api.spotify.com/v1/tracks/4JehYebiI9JE8sR8MisGVb,https://api.spotify.com/v1/audio-analysis/4JehYebiI9JE8sR8MisGVb,261640,4,"['dance pop', 'pop', 'r&b']"
0.591,0.649,3,-6.72,1,0.0417,0.0294,0,0.133,0.489,90.002,audio_features,3DamFFqW32WihKkTVlwTYQ,spotify:track:3DamFFqW32WihKkTVlwTYQ,https://api.spotify.com/v1/tracks/3DamFFqW32WihKkTVlwTYQ,https://api.spotify.com/v1/audio-analysis/3DamFFqW32WihKkTVlwTYQ,228347,4,"['modern rock', 'pop', 'pop punk', 'pop rock', 'post-teen pop']"
0.825,0.652,1,-3.183,0,0.0802,0.581,0,0.0931,0.931,95.977,audio_features,0FE9t6xYkqWXU2ahLh6D8X,spotify:track:0FE9t6xYkqWXU2ahLh6D8X,https://api.spotify.com/v1/tracks/0FE9t6xYkqWXU2ahLh6D8X,https://api.spotify.com/v1/audio-analysis/0FE9t6xYkqWXU2ahLh6D8X,233713,4,"['pop', 'uk pop']"
0.421,0.873,10,-4.343,1,0.0565,0.0653,0,0.123,0.63,84.803,audio_features,7wMq5n8mYSKlQIGECKUgTX,spotify:track:7wMq5n8mYSKlQIGECKUgTX,https://api.spotify.com/v1/tracks/7wMq5n8mYSKlQIGECKUgTX,https://api.spotify.com/v1/audio-analysis/7wMq5n8mYSKlQIGECKUgTX,202533,4,"['celtic rock', 'neo mellow', 'pop', 'pop rock', 'post-teen pop', 'viral pop', 'dance pop', 'pop', 'pop rap', 'post-teen pop']"
0.71,0.0565,7,-15.099,1,0.0534,0.965,0,0.0889,0.348,123.994,audio_features,4h0zU3O9R5xzuTmNO7dNDU,spotify:track:4h0zU3O9R5xzuTmNO7dNDU,https://api.spotify.com/v1/tracks/4h0zU3O9R5xzuTmNO7dNDU,https://api.spotify.com/v1/audio-analysis/4h0zU3O9R5xzuTmNO7dNDU,275280,4,"['dance pop', 'indie cafe pop', 'pop', 'post-teen pop', 'viral pop']"
0.835,0.669,6,-5.582,0,0.0643,0.0336,6.92e-05,0.0535,0.542,122.668,audio_features,0ByMNEPAPpOR5H69DVrTNy,spotify:track:0ByMNEPAPpOR5H69DVrTNy,https://api.spotify.com/v1/tracks/0ByMNEPAPpOR5H69DVrTNy,https://api.spotify.com/v1/audio-analysis/0ByMNEPAPpOR5H69DVrTNy,267080,4,"['dance pop', 'pop', 'post-teen pop', 'r&b', 'urban contemporary']"
0.628,0.698,6,-5.608,0,0.105,0.0472,0.00143,0.0907,0.732,89.976,audio_features,27SdWb2rFzO6GWiYDBTD9j,spotify:track:27SdWb2rFzO6GWiYDBTD9j,https://api.spotify.com/v1/tracks/27SdWb2rFzO6GWiYDBTD9j,https://api.spotify.com/v1/audio-analysis/27SdWb2rFzO6GWiYDBTD9j,211667,4,"['australian dance', 'australian pop', 'dance pop', 'pop']"
0.551,0.636,6,-7.125,1,0.0281,0.00713,0.00203,0.217,0.153,124.996,audio_features,0FDzzruyVECATHXKHFs9eJ,spotify:track:0FDzzruyVECATHXKHFs9eJ,https://api.spotify.com/v1/tracks/0FDzzruyVECATHXKHFs9eJ,https://api.spotify.com/v1/audio-analysis/0FDzzruyVECATHXKHFs9eJ,268467,4,"['permanent wave', 'pop']"
0.607,0.649,11,-6.695,0,0.0362,0.0306,2.46e-05,0.174,0.505,102.996,audio_features,1dNIEtp7AY3oDAKCGg2XkH,spotify:track:1dNIEtp7AY3oDAKCGg2XkH,https://api.spotify.com/v1/tracks/1dNIEtp7AY3oDAKCGg2XkH,https://api.spotify.com/v1/audio-analysis/1dNIEtp7AY3oDAKCGg2XkH,247627,4,"['dance pop', 'electropop', 'pop', 'tropical house', 'permanent wave', 'pop']"
0.855,0.624,1,-4.093,1,0.0488,0.158,0,0.0513,0.962,117.959,audio_features,4c2W3VKsOFoIg2SFaO6DY5,spotify:track:4c2W3VKsOFoIg2SFaO6DY5,https://api.spotify.com/v1/tracks/4c2W3VKsOFoIg2SFaO6DY5,https://api.spotify.com/v1/audio-analysis/4c2W3VKsOFoIg2SFaO6DY5,180757,4,"['dance pop', 'pop', 'post-teen pop', 'r&b', 'tropical house', 'uk pop']"
0.688,0.702,7,-4.792,0,0.0499,0.0215,0,0.128,0.74,94.006,audio_features,6Knv6wdA0luoMUuuoYi2i1,spotify:track:6Knv6wdA0luoMUuuoYi2i1,https://api.spotify.com/v1/tracks/6Knv6wdA0luoMUuuoYi2i1,https://api.spotify.com/v1/audio-analysis/6Knv6wdA0luoMUuuoYi2i1,192191,4,"['dance pop', 'edm', 'miami hip hop', 'pop', 'pop rap']"
0.951,0.6,0,-4.675,0,0.0685,0.106,0,0.0712,0.822,125.04,audio_features,0k2GOhqsrxDTAbFFSdNJjT,spotify:track:0k2GOhqsrxDTAbFFSdNJjT,https://api.spotify.com/v1/tracks/0k2GOhqsrxDTAbFFSdNJjT,https://api.spotify.com/v1/audio-analysis/0k2GOhqsrxDTAbFFSdNJjT,218573,4,"['dance pop', 'dancehall', 'pop', 'pop rap']"
0.376,0.696,0,-4.785,0,0.0949,0.141,0,0.11,0.303,169.515,audio_features,5yVIlYEHZxQVLyInCdldoS,spotify:track:5yVIlYEHZxQVLyInCdldoS,https://api.spotify.com/v1/tracks/5yVIlYEHZxQVLyInCdldoS,https://api.spotify.com/v1/audio-analysis/5yVIlYEHZxQVLyInCdldoS,209440,4,"['dance pop', 'pop', 'post-teen pop', 'talent show']"
0.574,0.512,5,-6.664,0,0.0503,0.234,0,0.0946,0.512,76.899,audio_features,4rHZZAmHpZrA3iH5zx8frV,spotify:track:4rHZZAmHpZrA3iH5zx8frV,https://api.spotify.com/v1/tracks/4rHZZAmHpZrA3iH5zx8frV,https://api.spotify.com/v1/audio-analysis/4rHZZAmHpZrA3iH5zx8frV,484147,4,"['dance pop', 'pop']"
0.781,0.853,1,-3.68,0,0.0715,0.0525,0,0.12,0.624,110.049,audio_features,48RrDBpOSSl1aLVCalGl5C,spotify:track:48RrDBpOSSl1aLVCalGl5C,https://api.spotify.com/v1/tracks/48RrDBpOSSl1aLVCalGl5C,https://api.spotify.com/v1/audio-analysis/48RrDBpOSSl1aLVCalGl5C,250189,4,"['detroit hip hop', 'g funk', 'hip hop', 'rap', 'dance pop', 'pop', 'post-teen pop', 'r&b', 'urban contemporary']"
0.491,0.885,3,-4.121,1,0.0395,0.00219,0,0.0741,0.641,166.992,audio_features,37sINbJZcFdHFAsVNsPq1i,spotify:track:37sINbJZcFdHFAsVNsPq1i,https://api.spotify.com/v1/tracks/37sINbJZcFdHFAsVNsPq1i,https://api.spotify.com/v1/audio-analysis/37sINbJZcFdHFAsVNsPq1i,245467,4,"['celtic rock', 'neo mellow', 'pop', 'pop rock', 'post-teen pop', 'viral pop']"
0.565,0.849,0,-3.516,0,0.0517,0.00868,4.68e-06,0.12,0.427,102.034,audio_features,6s3GEN8wK0OMzzzZbXj0fu,spotify:track:6s3GEN8wK0OMzzzZbXj0fu,https://api.spotify.com/v1/tracks/6s3GEN8wK0OMzzzZbXj0fu,https://api.spotify.com/v1/audio-analysis/6s3GEN8wK0OMzzzZbXj0fu,212647,4,"['permanent wave', 'pop', 'dance pop', 'edm', 'norwegian pop', 'pop', 'pop edm', 'tropical house']"
0.573,0.739,0,-5.74,1,0.129,0.0285,0,0.111,0.451,97.085,audio_features,0prNGof3XqfTvNDxHonvdK,spotify:track:0prNGof3XqfTvNDxHonvdK,https://api.spotify.com/v1/tracks/0prNGof3XqfTvNDxHonvdK,https://api.spotify.com/v1/audio-analysis/0prNGof3XqfTvNDxHonvdK,230227,4,"['canadian contemporary r&b', 'dance pop', 'electropop', 'pop', 'post-teen pop', 'r&b']"
0.731,0.58,10,-7.328,0,0.0399,0.223,0,0.129,0.319,119.997,audio_features,2IO7yf562c1zLzpanal1DT,spotify:track:2IO7yf562c1zLzpanal1DT,https://api.spotify.com/v1/tracks/2IO7yf562c1zLzpanal1DT,https://api.spotify.com/v1/audio-analysis/2IO7yf562c1zLzpanal1DT,199593,4,"['dance pop', 'electropop', 'etherpop', 'indie poptimism', 'pop', 'post-teen pop']"
0.515,0.767,2,-6.199,1,0.0352,0.098,0,0.121,0.38,148.024,audio_features,1NhPKVLsHhFUHIOZ32QnS2,spotify:track:1NhPKVLsHhFUHIOZ32QnS2,https://api.spotify.com/v1/tracks/1NhPKVLsHhFUHIOZ32QnS2,https://api.spotify.com/v1/audio-analysis/1NhPKVLsHhFUHIOZ32QnS2,224693,4,"['dance pop', 'neo mellow', 'piano rock', 'pop', 'pop rap', 'pop rock', 'post-teen pop']"
0.505,0.71,3,-3.015,1,0.0321,0.19,0.00025,0.329,0.428,89.938,audio_features,3LlAyCYU26dvFZBDUIMb7a,spotify:track:3LlAyCYU26dvFZBDUIMb7a,https://api.spotify.com/v1/tracks/3LlAyCYU26dvFZBDUIMb7a,https://api.spotify.com/v1/audio-analysis/3LlAyCYU26dvFZBDUIMb7a,175200,4,"['modern rock', 'rock']"
0.713,0.802,4,-7.055,1,0.0561,0.0435,0.00377,0.309,0.343,100.001,audio_features,3vv9phIu6Y1vX3jcqaGz5Z,spotify:track:3vv9phIu6Y1vX3jcqaGz5Z,https://api.spotify.com/v1/tracks/3vv9phIu6Y1vX3jcqaGz5Z,https://api.spotify.com/v1/audio-analysis/3vv9phIu6Y1vX3jcqaGz5Z,226739,4,"['dance pop', 'electropop', 'pop', 'tropical house', 'indie poptimism', 'pop edm', 'vapor soul']"
0.338,0.803,8,-5.412,0,0.0413,0.0187,0,0.136,0.4,151.994,audio_features,4IoYz8XqqdowINzfRrFnhi,spotify:track:4IoYz8XqqdowINzfRrFnhi,https://api.spotify.com/v1/tracks/4IoYz8XqqdowINzfRrFnhi,https://api.spotify.com/v1/audio-analysis/4IoYz8XqqdowINzfRrFnhi,241853,4,"['ambient worship', 'modern rock', 'neo mellow', 'piano rock', 'pop', 'pop rock']"
0.526,0.862,2,-6.003,1,0.0905,0.0144,0.0597,0.229,0.528,90.052,audio_features,0fYVliAYKHuPmECRs1pbRf,spotify:track:0fYVliAYKHuPmECRs1pbRf,https://api.spotify.com/v1/tracks/0fYVliAYKHuPmECRs1pbRf,https://api.spotify.com/v1/audio-analysis/0fYVliAYKHuPmECRs1pbRf,195200,4,"['modern alternative rock', 'modern rock', 'pop', 'pop rock', 'stomp pop']"
0.661,0.651,7,-3.771,0,0.0499,0.117,1.32e-05,0.056,0.368,87.46,audio_features,1ixphys4A3NEXp6MDScfih,spotify:track:1ixphys4A3NEXp6MDScfih,https://api.spotify.com/v1/tracks/1ixphys4A3NEXp6MDScfih,https://api.spotify.com/v1/audio-analysis/1ixphys4A3NEXp6MDScfih,202915,4,"['dance pop', 'pop', 'post-teen pop', 'uk pop']"
0.448,0.784,9,-3.686,1,0.0627,0.106,0.000108,0.668,0.236,136.245,audio_features,4G8gkOterJn0Ywt6uhqbhp,spotify:track:4G8gkOterJn0Ywt6uhqbhp,https://api.spotify.com/v1/tracks/4G8gkOterJn0Ywt6uhqbhp,https://api.spotify.com/v1/audio-analysis/4G8gkOterJn0Ywt6uhqbhp,186813,4,"['modern rock', 'rock']"
0.672,0.623,9,-5.699,1,0.0297,0.241,0,0.0848,0.617,92.018,audio_features,38YgZVHPWOWsKrsCXz6JyP,spotify:track:38YgZVHPWOWsKrsCXz6JyP,https://api.spotify.com/v1/tracks/38YgZVHPWOWsKrsCXz6JyP,https://api.spotify.com/v1/audio-analysis/38YgZVHPWOWsKrsCXz6JyP,215173,4,"['acoustic pop', 'folk-pop', 'indiecoustica', 'neo mellow', 'pop rock']"
0.662,0.586,0,-8.821,1,0.0307,0.097,0.00272,0.115,0.296,90.0,audio_features,2rizacJSyD9S1IQUxUxnsK,spotify:track:2rizacJSyD9S1IQUxUxnsK,https://api.spotify.com/v1/tracks/2rizacJSyD9S1IQUxUxnsK,https://api.spotify.com/v1/audio-analysis/2rizacJSyD9S1IQUxUxnsK,194080,4,"['dance pop', 'electropop', 'pop', 'tropical house', 'dance pop', 'electropop', 'indie poptimism', 'pop', 'post-teen pop']"
0.512,0.812,1,-4.809,1,0.0617,0.0534,0,0.092,0.521,100.02,audio_features,1TnUURhehaoMWKAqQtirm6,spotify:track:1TnUURhehaoMWKAqQtirm6,https://api.spotify.com/v1/tracks/1TnUURhehaoMWKAqQtirm6,https://api.spotify.com/v1/audio-analysis/1TnUURhehaoMWKAqQtirm6,249500,4,"['dance pop', 'electropop', 'etherpop', 'indie poptimism', 'pop', 'post-teen pop']"
0.661,0.762,5,-4.307,1,0.0402,0.452,0,0.162,0.583,101.99,audio_features,0bOH2yZkaVSg2OdegIlp2J,spotify:track:0bOH2yZkaVSg2OdegIlp2J,https://api.spotify.com/v1/tracks/0bOH2yZkaVSg2OdegIlp2J,https://api.spotify.com/v1/audio-analysis/0bOH2yZkaVSg2OdegIlp2J,224224,4,"['dance pop', 'electropop', 'indie cafe pop', 'indie poptimism', 'pop', 'post-teen pop']"
0.657,0.703,1,-3.402,1,0.0753,0.222,0,0.256,0.338,122.381,audio_features,0Zx8khUcEfCFK2AEoIhC92,spotify:track:0Zx8khUcEfCFK2AEoIhC92,https://api.spotify.com/v1/tracks/0Zx8khUcEfCFK2AEoIhC92,https://api.spotify.com/v1/audio-analysis/0Zx8khUcEfCFK2AEoIhC92,214693,4,"['dance pop', 'edm', 'electropop', 'pop', 'pop rap', 'tropical house', 'dance pop', 'danish pop', 'electropop', 'pop', 'tropical house']"
0.647,0.932,11,-3.515,1,0.0824,0.00383,1.5e-06,0.0574,0.374,114.991,audio_features,3EmmCZoqpWOTY1g2GBwJoR,spotify:track:3EmmCZoqpWOTY1g2GBwJoR,https://api.spotify.com/v1/tracks/3EmmCZoqpWOTY1g2GBwJoR,https://api.spotify.com/v1/audio-analysis/3EmmCZoqpWOTY1g2GBwJoR,198774,4,"['big room', 'dance pop', 'edm', 'electro house', 'pop', 'tropical house', 'dance pop', 'pop', 'post-teen pop']"
0.317,0.562,9,-9.609,1,0.395,0.124,0.000144,0.0667,0.132,181.1,audio_features,1ehPJRt49h6N0LoryqKZXq,spotify:track:1ehPJRt49h6N0LoryqKZXq,https://api.spotify.com/v1/tracks/1ehPJRt49h6N0LoryqKZXq,https://api.spotify.com/v1/audio-analysis/1ehPJRt49h6N0LoryqKZXq,175507,4,"['canadian contemporary r&b', 'dance pop', 'electropop', 'pop', 'post-teen pop', 'r&b']"
0.48,0.718,7,-5.461,1,0.0603,0.0485,0.000343,0.102,0.252,163.987,audio_features,31L9yLXSj6LpCFupyMV6CR,spotify:track:31L9yLXSj6LpCFupyMV6CR,https://api.spotify.com/v1/tracks/31L9yLXSj6LpCFupyMV6CR,https://api.spotify.com/v1/audio-analysis/31L9yLXSj6LpCFupyMV6CR,405320,4,"['permanent wave', 'pop']"
0.64,0.533,0,-6.596,1,0.0706,0.119,0,0.0864,0.515,99.968,audio_features,12GEpg2XOPyqk03JZEZnJs,spotify:track:12GEpg2XOPyqk03JZEZnJs,https://api.spotify.com/v1/tracks/12GEpg2XOPyqk03JZEZnJs,https://api.spotify.com/v1/audio-analysis/12GEpg2XOPyqk03JZEZnJs,220781,4,"['edm', 'pop', 'tropical house', 'dance pop', 'pop', 'post-teen pop']"
0.62,0.696,11,-6.323,1,0.0997,0.00798,1e-06,0.113,0.705,176.033,audio_features,3QTDzwSkRW04FVPo6COm0H,spotify:track:3QTDzwSkRW04FVPo6COm0H,https://api.spotify.com/v1/tracks/3QTDzwSkRW04FVPo6COm0H,https://api.spotify.com/v1/audio-analysis/3QTDzwSkRW04FVPo6COm0H,216333,4,"['dance pop', 'pop', 'post-teen pop']"
0.464,0.701,6,-5.693,0,0.0411,0.00892,0.309,0.335,0.356,83.996,audio_features,7brQHA2CgQpcMBiOlfiXYb,spotify:track:7brQHA2CgQpcMBiOlfiXYb,https://api.spotify.com/v1/tracks/7brQHA2CgQpcMBiOlfiXYb,https://api.spotify.com/v1/audio-analysis/7brQHA2CgQpcMBiOlfiXYb,251187,4,"['modern alternative rock', 'modern rock', 'pop']"
0.679,0.715,9,-6.383,1,0.0407,0.0755,0,0.271,0.571,127.435,audio_features,3gbBpTdY8lnQwqxNCcf795,spotify:track:3gbBpTdY8lnQwqxNCcf795,https://api.spotify.com/v1/tracks/3gbBpTdY8lnQwqxNCcf795,https://api.spotify.com/v1/audio-analysis/3gbBpTdY8lnQwqxNCcf795,214148,4,"['metropopolis', 'modern rock', 'pop']"
0.636,0.699,6,-7.687,1,0.0551,0.0929,0,0.115,0.637,94.966,audio_features,6OtCIsQZ64Vs1EbzztvAv4,spotify:track:6OtCIsQZ64Vs1EbzztvAv4,https://api.spotify.com/v1/tracks/6OtCIsQZ64Vs1EbzztvAv4,https://api.spotify.com/v1/audio-analysis/6OtCIsQZ64Vs1EbzztvAv4,253307,4,"['dance pop', 'neo mellow', 'piano rock', 'pop', 'pop rap', 'pop rock', 'post-teen pop']"
0.632,0.518,6,-6.126,1,0.0313,0.107,0,0.354,0.427,90.007,audio_features,26NX1wPt1TRCH536yocd6i,spotify:track:26NX1wPt1TRCH536yocd6i,https://api.spotify.com/v1/tracks/26NX1wPt1TRCH536yocd6i,https://api.spotify.com/v1/audio-analysis/26NX1wPt1TRCH536yocd6i,249147,4,"['dance pop', 'pop', 'r&b']"
0.596,0.838,5,-6.52,0,0.0704,0.0189,1.54e-05,0.108,0.472,94.982,audio_features,4vb4mFvYsr2h6enhjJsq9Y,spotify:track:4vb4mFvYsr2h6enhjJsq9Y,https://api.spotify.com/v1/tracks/4vb4mFvYsr2h6enhjJsq9Y,https://api.spotify.com/v1/audio-analysis/4vb4mFvYsr2h6enhjJsq9Y,240427,4,"['british soul', 'pop', 'uk pop']"
0.493,0.956,1,-4.221,0,0.138,0.000668,0,0.416,0.47,160.006,audio_features,1gugDOSMREb34Xo0c1PlxM,spotify:track:1gugDOSMREb34Xo0c1PlxM,https://api.spotify.com/v1/tracks/1gugDOSMREb34Xo0c1PlxM,https://api.spotify.com/v1/audio-analysis/1gugDOSMREb34Xo0c1PlxM,202496,4,"['boy band', 'dance pop', 'pop', 'post-teen pop']"
0.662,0.65,6,-5.981,1,0.0383,0.129,0,0.113,0.481,117.992,audio_features,5L79aNYCTKiZq7vaOElXYj,spotify:track:5L79aNYCTKiZq7vaOElXYj,https://api.spotify.com/v1/tracks/5L79aNYCTKiZq7vaOElXYj,https://api.spotify.com/v1/audio-analysis/5L79aNYCTKiZq7vaOElXYj,209693,4,"['folk-pop', 'neo mellow', 'pop', 'pop rock']"
0.405,0.846,6,-3.57,1,0.195,0.0948,0,0.0666,0.602,82.232,audio_features,3TRFq09DUgYj1mug6RRqJW,spotify:track:3TRFq09DUgYj1mug6RRqJW,https://api.spotify.com/v1/tracks/3TRFq09DUgYj1mug6RRqJW,https://api.spotify.com/v1/audio-analysis/3TRFq09DUgYj1mug6RRqJW,248337,4,"['indie pop rap', 'pop', 'pop rap']"
0.63,0.894,10,-4.592,1,0.0544,0.255,0,0.181,0.364,142.051,audio_features,6j7hih15xG2cdYwIJnQXsq,spotify:track:6j7hih15xG2cdYwIJnQXsq,https://api.spotify.com/v1/tracks/6j7hih15xG2cdYwIJnQXsq,https://api.spotify.com/v1/audio-analysis/6j7hih15xG2cdYwIJnQXsq,218520,4,"['acoustic pop', 'neo mellow', 'pop', 'pop rock']"
0.73,0.718,8,-3.496,1,0.0478,0.0284,0,0.0892,0.127,135.045,audio_features,6WC5fhc9XMaCrUNKNjm9xE,spotify:track:6WC5fhc9XMaCrUNKNjm9xE,https://api.spotify.com/v1/tracks/6WC5fhc9XMaCrUNKNjm9xE,https://api.spotify.com/v1/audio-analysis/6WC5fhc9XMaCrUNKNjm9xE,216467,4,"['dance pop', 'pop', 'post-teen pop', 'viral pop']"
0.656,0.33,7,-17.503,1,0.0372,0.133,0.000109,0.0664,0.519,113.845,audio_features,28UMEtwyUUy5u0UWOVHwiI,spotify:track:28UMEtwyUUy5u0UWOVHwiI,https://api.spotify.com/v1/tracks/28UMEtwyUUy5u0UWOVHwiI,https://api.spotify.com/v1/audio-analysis/28UMEtwyUUy5u0UWOVHwiI,201680,4,"['bubblegum pop', 'movie tunes', 'disney', 'movie tunes']"
0.699,0.761,10,-4.337,1,0.0457,0.0466,0,0.107,0.443,120.044,audio_features,0mtmrbRFsectINNpHdDkUQ,spotify:track:0mtmrbRFsectINNpHdDkUQ,https://api.spotify.com/v1/tracks/0mtmrbRFsectINNpHdDkUQ,https://api.spotify.com/v1/audio-analysis/0mtmrbRFsectINNpHdDkUQ,250747,4,"['australian pop', 'dance pop', 'indie cafe pop', 'pop', 'pop rap', 'pop rock', 'post-teen pop', 'viral pop']"
0.508,0.677,1,-5.696,1,0.0656,0.328,0,0.0491,0.575,121.928,audio_features,0sQLhT32E9ZG2zn5iYR6nN,spotify:track:0sQLhT32E9ZG2zn5iYR6nN,https://api.spotify.com/v1/tracks/0sQLhT32E9ZG2zn5iYR6nN,https://api.spotify.com/v1/audio-analysis/0sQLhT32E9ZG2zn5iYR6nN,227280,5,"['reggae fusion', 'virgin islands reggae', 'pop rock']"
0.69,0.407,9,-7.739,1,0.0297,0.711,0,0.126,0.181,111.916,audio_features,5dTJMpqiELczVuHJP3OAEu,spotify:track:5dTJMpqiELczVuHJP3OAEu,https://api.spotify.com/v1/tracks/5dTJMpqiELczVuHJP3OAEu,https://api.spotify.com/v1/audio-analysis/5dTJMpqiELczVuHJP3OAEu,232600,4,"['dance pop', 'neo mellow', 'pop', 'post-teen pop']"
0.572,0.499,2,-5.237,1,0.0311,0.0283,0,0.213,0.108,101.593,audio_features,1JCCdiru7fhstOIF4N7WJC,spotify:track:1JCCdiru7fhstOIF4N7WJC,https://api.spotify.com/v1/tracks/1JCCdiru7fhstOIF4N7WJC,https://api.spotify.com/v1/audio-analysis/1JCCdiru7fhstOIF4N7WJC,237248,4,"['boy band', 'dance pop', 'pop', 'post-teen pop']"
0.461,0.834,2,-4.868,1,0.0989,0.0232,1.14e-05,0.14,0.471,135.007,audio_features,66qlqxhEMpSHOzjRK4il0b,spotify:track:66qlqxhEMpSHOzjRK4il0b,https://api.spotify.com/v1/tracks/66qlqxhEMpSHOzjRK4il0b,https://api.spotify.com/v1/audio-analysis/66qlqxhEMpSHOzjRK4il0b,261154,4,"['pop', 'uk pop']"
0.72,0.727,5,-3.882,1,0.0489,0.0556,0,0.138,0.481,99.994,audio_features,4QeoDcR16IHpmmgFGQDrCp,spotify:track:4QeoDcR16IHpmmgFGQDrCp,https://api.spotify.com/v1/tracks/4QeoDcR16IHpmmgFGQDrCp,https://api.spotify.com/v1/audio-analysis/4QeoDcR16IHpmmgFGQDrCp,223190,4,"['dance pop', 'neo mellow', 'piano rock', 'pop', 'pop rap', 'pop rock', 'post-teen pop']"
0.741,0.626,1,-4.826,0,0.0886,0.02,0,0.0828,0.706,108.029,audio_features,2ZyuwVvV6Z3XJaXIFbspeE,spotify:track:2ZyuwVvV6Z3XJaXIFbspeE,https://api.spotify.com/v1/tracks/2ZyuwVvV6Z3XJaXIFbspeE,https://api.spotify.com/v1/audio-analysis/2ZyuwVvV6Z3XJaXIFbspeE,188493,4,"['canadian contemporary r&b', 'dance pop', 'electropop', 'pop', 'post-teen pop', 'r&b']"
0.506,0.897,9,-4.632,1,0.26,0.146,0.000451,0.0868,0.525,188.03,audio_features,3kSXn1osC89W8JcPLozTzs,spotify:track:3kSXn1osC89W8JcPLozTzs,https://api.spotify.com/v1/tracks/3kSXn1osC89W8JcPLozTzs,https://api.spotify.com/v1/audio-analysis/3kSXn1osC89W8JcPLozTzs,219000,4,"['pop', 'post-teen pop', 'viral pop']"
0.396,0.629,9,-4.78,1,0.0287,0.0328,0,0.183,0.358,173.794,audio_features,09ZcYBGFX16X8GMDrvqQwt,spotify:track:09ZcYBGFX16X8GMDrvqQwt,https://api.spotify.com/v1/tracks/09ZcYBGFX16X8GMDrvqQwt,https://api.spotify.com/v1/audio-analysis/09ZcYBGFX16X8GMDrvqQwt,252853,4,"['celtic rock', 'neo mellow', 'pop', 'pop rock', 'post-teen pop', 'viral pop']"
0.696,0.743,6,-3.851,1,0.0329,0.0773,0,0.0587,0.636,123.007,audio_features,51NBMjiv4t1nUiLC9Bim3G,spotify:track:51NBMjiv4t1nUiLC9Bim3G,https://api.spotify.com/v1/tracks/51NBMjiv4t1nUiLC9Bim3G,https://api.spotify.com/v1/audio-analysis/51NBMjiv4t1nUiLC9Bim3G,201254,4,"['dance pop', 'edm', 'pop', 'tropical house', 'uk dance', 'dance pop', 'house', 'pop', 'tropical house', 'uk contemporary r&b', 'uk pop']"
0.665,0.62,1,-5.43,1,0.035,0.417,0,0.113,0.451,91.008,audio_features,2uEJanMvnA1dXgX1ASnPQm,spotify:track:2uEJanMvnA1dXgX1ASnPQm,https://api.spotify.com/v1/tracks/2uEJanMvnA1dXgX1ASnPQm,https://api.spotify.com/v1/audio-analysis/2uEJanMvnA1dXgX1ASnPQm,192075,4,"['dance pop', 'pop', 'post-teen pop', 'viral pop']"
0.639,0.785,10,-6.167,0,0.174,0.0174,0.00107,0.0512,0.686,191.95,audio_features,6bLopGnirdrilrpdVB6Um1,spotify:track:6bLopGnirdrilrpdVB6Um1,https://api.spotify.com/v1/tracks/6bLopGnirdrilrpdVB6Um1,https://api.spotify.com/v1/audio-analysis/6bLopGnirdrilrpdVB6Um1,210920,4,"['australian dance', 'australian pop', 'dance pop', 'pop']"
0.586,0.527,3,-4.905,1,0.0309,0.227,0,0.0963,0.506,141.839,audio_features,5omYVLodGmaxnhua99xIE8,spotify:track:5omYVLodGmaxnhua99xIE8,https://api.spotify.com/v1/tracks/5omYVLodGmaxnhua99xIE8,https://api.spotify.com/v1/audio-analysis/5omYVLodGmaxnhua99xIE8,209040,4,"['boy band', 'dance pop', 'pop', 'post-teen pop', 'talent show']"
0.76,0.303,2,-11.362,1,0.0284,0.238,8.09e-06,0.294,0.15,99.991,audio_features,0wfbD5rAksdXUzRvMfM3x5,spotify:track:0wfbD5rAksdXUzRvMfM3x5,https://api.spotify.com/v1/tracks/0wfbD5rAksdXUzRvMfM3x5,https://api.spotify.com/v1/audio-analysis/0wfbD5rAksdXUzRvMfM3x5,177573,4,"['dance pop', 'electropop', 'pop', 'tropical house']"
0.539,0.848,11,-5.081,0,0.0521,0.0049,0,0.272,0.387,124.045,audio_features,49rpdsNYJirTTf6p6mMvag,spotify:track:49rpdsNYJirTTf6p6mMvag,https://api.spotify.com/v1/tracks/49rpdsNYJirTTf6p6mMvag,https://api.spotify.com/v1/audio-analysis/49rpdsNYJirTTf6p6mMvag,221387,4,"['emo', 'neon pop punk', 'pop emo', 'pop punk', 'pop rock', 'post-teen pop', 'vegas indie', 'viral pop']"
0.535,0.886,11,-3.106,1,0.045,0.000304,2.26e-06,0.257,0.445,126.012,audio_features,6qYGUxPjQt5PJtWdiNppZx,spotify:track:6qYGUxPjQt5PJtWdiNppZx,https://api.spotify.com/v1/tracks/6qYGUxPjQt5PJtWdiNppZx,https://api.spotify.com/v1/audio-analysis/6qYGUxPjQt5PJtWdiNppZx,215160,4,"['dance pop', 'pop', 'post-teen pop']"
0.426,0.584,1,-5.293,1,0.296,0.0383,0,0.188,0.272,193.437,audio_features,2ZBNclC5wm4GtiWaeh0DMx,spotify:track:2ZBNclC5wm4GtiWaeh0DMx,https://api.spotify.com/v1/tracks/2ZBNclC5wm4GtiWaeh0DMx,https://api.spotify.com/v1/audio-analysis/2ZBNclC5wm4GtiWaeh0DMx,193213,4,"['dance pop', 'pop', 'r&b']"
0.591,0.415,6,-6.936,1,0.0437,0.424,0.000299,0.111,0.197,90.483,audio_features,2a5VluIESm1JP4Qwvo02H8,spotify:track:2a5VluIESm1JP4Qwvo02H8,https://api.spotify.com/v1/tracks/2a5VluIESm1JP4Qwvo02H8,https://api.spotify.com/v1/audio-analysis/2a5VluIESm1JP4Qwvo02H8,201072,4,"['devon indie', 'indie anthem-folk']"
0.681,0.587,6,-7.638,1,0.11,0.229,0,0.368,0.64,93.002,audio_features,6FemVsNUb2lzWsDRm14FUJ,spotify:track:6FemVsNUb2lzWsDRm14FUJ,https://api.spotify.com/v1/tracks/6FemVsNUb2lzWsDRm14FUJ,https://api.spotify.com/v1/audio-analysis/6FemVsNUb2lzWsDRm14FUJ,209346,4,"['celtic rock', 'neo mellow', 'pop', 'pop rock', 'post-teen pop', 'viral pop']"
0.697,0.659,10,-5.544,1,0.104,0.217,0,0.254,0.49,150.941,audio_features,27eoCHVL1mohdzR7c61KQ1,spotify:track:27eoCHVL1mohdzR7c61KQ1,https://api.spotify.com/v1/tracks/27eoCHVL1mohdzR7c61KQ1,https://api.spotify.com/v1/audio-analysis/27eoCHVL1mohdzR7c61KQ1,217126,4,"['dance pop', 'indie cafe pop', 'indie pop rap', 'indie poptimism', 'pop', 'pop rap', 'post-teen pop', 'tropical house', 'dance pop', 'electropop', 'indie cafe pop', 'norwegian pop', 'pop', 'pop edm', 'swedish electropop']"
0.592,0.637,11,-8.48,1,0.0992,0.562,0,0.13,0.565,159.701,audio_features,53Pgsvu3qSYO2aXt5J2vcL,spotify:track:53Pgsvu3qSYO2aXt5J2vcL,https://api.spotify.com/v1/tracks/53Pgsvu3qSYO2aXt5J2vcL,https://api.spotify.com/v1/audio-analysis/53Pgsvu3qSYO2aXt5J2vcL,185093,4,"['pop', 'uk pop']"
0.738,0.768,11,-7.045,0,0.0348,0.381,0.145,0.1,0.603,120.013,audio_features,4XLm8FNvaTlmTAZmSrrV82,spotify:track:4XLm8FNvaTlmTAZmSrrV82,https://api.spotify.com/v1/tracks/4XLm8FNvaTlmTAZmSrrV82,https://api.spotify.com/v1/audio-analysis/4XLm8FNvaTlmTAZmSrrV82,191266,4,"['modern rock', 'rock', 'dance pop', 'edm', 'nordic house', 'norwegian pop', 'tropical house']"
0.439,0.489,8,-6.286,1,0.0368,0.132,0.000643,0.114,0.253,143.808,audio_features,1x80xTzSL7pok3M5JC3oJz,spotify:track:1x80xTzSL7pok3M5JC3oJz,https://api.spotify.com/v1/tracks/1x80xTzSL7pok3M5JC3oJz,https://api.spotify.com/v1/audio-analysis/1x80xTzSL7pok3M5JC3oJz,250707,4,"['dance pop', 'neo mellow', 'pop', 'post-teen pop', 'viral pop']"
0.654,0.672,0,-5.258,1,0.0457,0.23,0,0.271,0.342,97.992,audio_features,2qwYI0iwHZbFXZzq0QGgMP,spotify:track:2qwYI0iwHZbFXZzq0QGgMP,https://api.spotify.com/v1/tracks/2qwYI0iwHZbFXZzq0QGgMP,https://api.spotify.com/v1/audio-analysis/2qwYI0iwHZbFXZzq0QGgMP,246960,4,"['dance pop', 'indie poptimism', 'pop', 'post-teen pop', 'conscious hip hop', 'dmv rap', 'hip hop', 'pop rap', 'rap']"
0.765,0.621,0,-3.827,0,0.025,0.495,0,0.0369,0.798,102.065,audio_features,2s0Dn2mtvp94wUkyaB8nJc,spotify:track:2s0Dn2mtvp94wUkyaB8nJc,https://api.spotify.com/v1/tracks/2s0Dn2mtvp94wUkyaB8nJc,https://api.spotify.com/v1/audio-analysis/2s0Dn2mtvp94wUkyaB8nJc,212267,4,"['dance pop', 'electropop', 'indie electro-pop', 'indie poptimism', 'pop']"
0.339,0.707,0,-5.121,0,0.0428,0.0113,0,0.337,0.359,173.993,audio_features,3UhxppZQkfk9WniMtjpESF,spotify:track:3UhxppZQkfk9WniMtjpESF,https://api.spotify.com/v1/tracks/3UhxppZQkfk9WniMtjpESF,https://api.spotify.com/v1/audio-analysis/3UhxppZQkfk9WniMtjpESF,183808,4,"['dance pop', 'electropop', 'etherpop', 'indie poptimism', 'pop', 'post-teen pop']"
0.762,0.7,9,-6.021,0,0.0694,0.00261,1.56e-05,0.153,0.608,116.073,audio_features,6tF92PMv01Ug9Dh8Rmy6nH,spotify:track:6tF92PMv01Ug9Dh8Rmy6nH,https://api.spotify.com/v1/tracks/6tF92PMv01Ug9Dh8Rmy6nH,https://api.spotify.com/v1/audio-analysis/6tF92PMv01Ug9Dh8Rmy6nH,209320,4,"['dance pop', 'pop', 'post-teen pop', 'uk pop']"
0.488,0.794,9,-6.366,1,0.0347,0.0928,2.54e-05,0.223,0.358,174.05,audio_features,72R0X0h8YaxYNpegeoOl0M,spotify:track:72R0X0h8YaxYNpegeoOl0M,https://api.spotify.com/v1/tracks/72R0X0h8YaxYNpegeoOl0M,https://api.spotify.com/v1/audio-analysis/72R0X0h8YaxYNpegeoOl0M,235813,4,"['acoustic pop', 'indiecoustica', 'neo mellow', 'neon pop punk', 'pop', 'pop punk', 'pop rock', 'post-teen pop', 'viral pop']"
0.644,0.819,7,-7.562,1,0.0392,0.239,0.000435,0.253,0.275,105.036,audio_features,3eRvE11OJfCYnaZwCFhMZD,spotify:track:3eRvE11OJfCYnaZwCFhMZD,https://api.spotify.com/v1/tracks/3eRvE11OJfCYnaZwCFhMZD,https://api.spotify.com/v1/audio-analysis/3eRvE11OJfCYnaZwCFhMZD,195414,4,"['australian pop', 'indie cafe pop', 'neo mellow', 'pop', 'viral pop', 'irish pop']"
0.614,0.589,6,-8.043,0,0.0354,0.203,0,0.114,0.366,107.959,audio_features,1Q1Lz8shbr2AXR8zKReTqd,spotify:track:1Q1Lz8shbr2AXR8zKReTqd,https://api.spotify.com/v1/tracks/1Q1Lz8shbr2AXR8zKReTqd,https://api.spotify.com/v1/audio-analysis/1Q1Lz8shbr2AXR8zKReTqd,220629,4,"['indie cafe pop', 'post-teen pop', 'viral pop']"
0.581,0.732,0,-6.024,1,0.0417,0.382,0.00254,0.385,0.36,89.994,audio_features,2WwzQJt4hG7YC6x16ZTYFM,spotify:track:2WwzQJt4hG7YC6x16ZTYFM,https://api.spotify.com/v1/tracks/2WwzQJt4hG7YC6x16ZTYFM,https://api.spotify.com/v1/audio-analysis/2WwzQJt4hG7YC6x16ZTYFM,183333,4,"['metropopolis', 'modern rock', 'pop']"
0.632,0.647,8,-8.587,1,0.0294,0.141,0.104,0.0908,0.221,105.945,audio_features,4NJpJ17Dgm5r4OYExFbxLk,spotify:track:4NJpJ17Dgm5r4OYExFbxLk,https://api.spotify.com/v1/tracks/4NJpJ17Dgm5r4OYExFbxLk,https://api.spotify.com/v1/audio-analysis/4NJpJ17Dgm5r4OYExFbxLk,193982,4,"['deep tropical house', 'electropop', 'indie poptimism', 'modern rock', 'pop', 'tropical house']"
0.719,0.844,7,-3.529,1,0.103,0.0793,0,0.0551,0.941,90.951,audio_features,1yM7GIEJ2QniupkEHOyp0a,spotify:track:1yM7GIEJ2QniupkEHOyp0a,https://api.spotify.com/v1/tracks/1yM7GIEJ2QniupkEHOyp0a,https://api.spotify.com/v1/audio-analysis/1yM7GIEJ2QniupkEHOyp0a,243240,4,"['dance pop', 'latin', 'latin pop', 'mexican pop', 'pop', 'tropical', 'dance pop', 'dancehall', 'pop', 'pop rap', 'latin', 'cubaton', 'dance pop', 'latin', 'latin hip hop', 'latin pop', 'pop', 'reggaeton', 'tropical']"
0.445,0.537,4,-8.532,0,0.04,0.695,1.6e-05,0.0941,0.131,122.764,audio_features,7otCGmgp9h4CsR2LhwB6gt,spotify:track:7otCGmgp9h4CsR2LhwB6gt,https://api.spotify.com/v1/tracks/7otCGmgp9h4CsR2LhwB6gt,https://api.spotify.com/v1/audio-analysis/7otCGmgp9h4CsR2LhwB6gt,244360,4,"['indie folk', 'neo mellow', 'pop']"
0.549,0.809,7,-4.714,1,0.0277,0.0389,0,0.116,0.572,95.991,audio_features,6Vg3QC5UcpdAcGXgUqkjIX,spotify:track:6Vg3QC5UcpdAcGXgUqkjIX,https://api.spotify.com/v1/tracks/6Vg3QC5UcpdAcGXgUqkjIX,https://api.spotify.com/v1/audio-analysis/6Vg3QC5UcpdAcGXgUqkjIX,241653,4,"['celtic rock', 'neo mellow', 'pop', 'pop rock', 'post-teen pop', 'viral pop']"
0.74,0.63,11,-6.735,1,0.0338,0.446,0,0.08,0.464,95.014,audio_features,05xaXtqDCSFR9OLS5tL5oQ,spotify:track:05xaXtqDCSFR9OLS5tL5oQ,https://api.spotify.com/v1/tracks/05xaXtqDCSFR9OLS5tL5oQ,https://api.spotify.com/v1/audio-analysis/05xaXtqDCSFR9OLS5tL5oQ,209547,4,"['acoustic pop', 'ectofolk', 'folk-pop', 'indiecoustica', 'lilith', 'neo mellow', 'pop rock']"
0.661,0.388,11,-10.897,1,0.0349,0.153,0.000233,0.111,0.203,141.848,audio_features,3YepPgEDVEXccOBcLHDZ3v,spotify:track:3YepPgEDVEXccOBcLHDZ3v,https://api.spotify.com/v1/tracks/3YepPgEDVEXccOBcLHDZ3v,https://api.spotify.com/v1/audio-analysis/3YepPgEDVEXccOBcLHDZ3v,254978,4,"['acoustic pop', 'indie cafe pop', 'indiecoustica', 'lds youth', 'neo mellow', 'piano rock', 'pop rock']"
0.627,0.717,8,-5.751,0,0.0376,0.017,0,0.261,0.561,105.05,audio_features,0B8B8cVRFIG1yznoQe7c9s,spotify:track:0B8B8cVRFIG1yznoQe7c9s,https://api.spotify.com/v1/tracks/0B8B8cVRFIG1yznoQe7c9s,https://api.spotify.com/v1/audio-analysis/0B8B8cVRFIG1yznoQe7c9s,247427,4,"['dance pop', 'electropop', 'pop', 'tropical house', 'dance pop', 'electropop', 'indie electro-pop', 'indie poptimism', 'la pop', 'pop', 'vapor soul']"
0.558,0.508,6,-6.471,0,0.0393,0.307,0,0.0888,0.209,99.336,audio_features,3DwN8YfAtvJh4c5u8DZPen,spotify:track:3DwN8YfAtvJh4c5u8DZPen,https://api.spotify.com/v1/tracks/3DwN8YfAtvJh4c5u8DZPen,https://api.spotify.com/v1/audio-analysis/3DwN8YfAtvJh4c5u8DZPen,266227,4,"['danish pop', 'pop', 'scandipop']"
0.869,0.546,6,-6.755,0,0.327,0.0512,0.0113,0.0541,0.855,146.118,audio_features,6GQuF9vzJAVs7fYN9ftBdP,spotify:track:6GQuF9vzJAVs7fYN9ftBdP,https://api.spotify.com/v1/tracks/6GQuF9vzJAVs7fYN9ftBdP,https://api.spotify.com/v1/audio-analysis/6GQuF9vzJAVs7fYN9ftBdP,200320,4,"['dance pop', 'pop', 'r&b']"
0.465,0.575,11,-8.843,1,0.0645,0.0934,6.58e-05,0.11,0.161,152.009,audio_features,28vj39QmlHk8Qmf6NGYo4O,spotify:track:28vj39QmlHk8Qmf6NGYo4O,https://api.spotify.com/v1/tracks/28vj39QmlHk8Qmf6NGYo4O,https://api.spotify.com/v1/audio-analysis/28vj39QmlHk8Qmf6NGYo4O,218960,4,"['electropop', 'indie cafe pop', 'indie poptimism', 'pop', 'post-teen pop']"
0.76,0.694,0,-5.856,1,0.0458,0.0195,0,0.29,0.9,127.009,audio_features,1fvD4tBLGypUG0Tg2nHHus,spotify:track:1fvD4tBLGypUG0Tg2nHHus,https://api.spotify.com/v1/tracks/1fvD4tBLGypUG0Tg2nHHus,https://api.spotify.com/v1/audio-analysis/1fvD4tBLGypUG0Tg2nHHus,206307,4,"['bubblegum dance', 'dance pop', 'eurodance', 'europop', 'german techno', 'melbourne bounce international']"
0.626,0.571,7,-7.461,0,0.0327,0.25,0,0.0946,0.164,129.959,audio_features,0il8Ogjp4whWMLcskwmJsz,spotify:track:0il8Ogjp4whWMLcskwmJsz,https://api.spotify.com/v1/tracks/0il8Ogjp4whWMLcskwmJsz,https://api.spotify.com/v1/audio-analysis/0il8Ogjp4whWMLcskwmJsz,277623,4,[]
0.702,0.82,1,-4.747,0,0.216,0.485,0,0.448,0.666,100.019,audio_features,5VnyRoMMNbBIYiyE4jn5u4,spotify:track:5VnyRoMMNbBIYiyE4jn5u4,https://api.spotify.com/v1/tracks/5VnyRoMMNbBIYiyE4jn5u4,https://api.spotify.com/v1/audio-analysis/5VnyRoMMNbBIYiyE4jn5u4,218426,4,"['dance pop', 'electropop', 'etherpop', 'indie poptimism', 'pop', 'post-teen pop']"
0.519,0.811,6,-5.053,1,0.0593,0.0654,0,0.101,0.561,158.074,audio_features,2J3n32GeLmMjwuAzyhcSNe,spotify:track:2J3n32GeLmMjwuAzyhcSNe,https://api.spotify.com/v1/tracks/2J3n32GeLmMjwuAzyhcSNe,https://api.spotify.com/v1/audio-analysis/2J3n32GeLmMjwuAzyhcSNe,200080,4,"['dance pop', 'pop', 'post-teen pop', 'viral pop', 'dance pop', 'pop', 'post-teen pop', 'bass trap', 'brostep', 'edm', 'electronic trap', 'pop edm', 'traprun', 'vapor soul', 'vapor twitch']"
0.574,0.915,4,-4.794,1,0.0995,0.0229,0,0.618,0.657,169.867,audio_features,0Q0Vl9fKJF5MDxfVKbD78e,spotify:track:0Q0Vl9fKJF5MDxfVKbD78e,https://api.spotify.com/v1/tracks/0Q0Vl9fKJF5MDxfVKbD78e,https://api.spotify.com/v1/audio-analysis/0Q0Vl9fKJF5MDxfVKbD78e,214400,4,"['folk-pop', 'indie pop', 'indie poptimism', 'indiecoustica', 'indietronica', 'modern rock', 'shimmer pop', 'stomp and holler']"
0.549,0.675,4,-5.637,0,0.0332,0.399,0,0.181,0.206,119.898,audio_features,3c8kyTPNeoOaJ5iNMgNdib,spotify:track:3c8kyTPNeoOaJ5iNMgNdib,https://api.spotify.com/v1/tracks/3c8kyTPNeoOaJ5iNMgNdib,https://api.spotify.com/v1/audio-analysis/3c8kyTPNeoOaJ5iNMgNdib,214762,4,"['dance pop', 'neo mellow', 'piano rock', 'pop', 'pop rap', 'pop rock', 'post-teen pop']"
0.434,0.847,1,-3.822,1,0.118,0.2,0,0.136,0.719,103.213,audio_features,6eDJvxlRDYiCYoURDXjtLw,spotify:track:6eDJvxlRDYiCYoURDXjtLw,https://api.spotify.com/v1/tracks/6eDJvxlRDYiCYoURDXjtLw,https://api.spotify.com/v1/audio-analysis/6eDJvxlRDYiCYoURDXjtLw,186295,4,"['dance pop', 'electropop', 'etherpop', 'indie poptimism', 'pop', 'post-teen pop']"
0.583,0.778,4,-6.578,0,0.0459,0.0712,1.23e-06,0.0753,0.673,134.945,audio_features,1xasoowGI2N5c4gykxKTlW,spotify:track:1xasoowGI2N5c4gykxKTlW,https://api.spotify.com/v1/tracks/1xasoowGI2N5c4gykxKTlW,https://api.spotify.com/v1/audio-analysis/1xasoowGI2N5c4gykxKTlW,225040,4,"['australian pop', 'dance pop', 'desi', 'pop', 'pop rap', 'post-teen pop', 'r&b', 'urban contemporary']"
0.57,0.221,2,-11.16,1,0.0422,0.86,0,0.109,0.362,167.663,audio_features,6MUEDdVsuQoK9jQFFk03Jd,spotify:track:6MUEDdVsuQoK9jQFFk03Jd,https://api.spotify.com/v1/tracks/6MUEDdVsuQoK9jQFFk03Jd,https://api.spotify.com/v1/audio-analysis/6MUEDdVsuQoK9jQFFk03Jd,194639,4,"['metropopolis', 'modern rock', 'pop']"
0.666,0.814,0,-5.536,1,0.0736,0.0333,7.02e-06,0.0535,0.478,99.913,audio_features,2bllegdYt2WoYdbRZyJ730,spotify:track:2bllegdYt2WoYdbRZyJ730,https://api.spotify.com/v1/tracks/2bllegdYt2WoYdbRZyJ730,https://api.spotify.com/v1/audio-analysis/2bllegdYt2WoYdbRZyJ730,219387,4,"['indie cafe pop', 'post-teen pop', 'viral pop']"
0.628,0.867,9,-3.555,1,0.0913,0.0108,0,0.308,0.597,78.043,audio_features,02ILwrgX3DDx9mclP2EI41,spotify:track:02ILwrgX3DDx9mclP2EI41,https://api.spotify.com/v1/tracks/02ILwrgX3DDx9mclP2EI41,https://api.spotify.com/v1/audio-analysis/02ILwrgX3DDx9mclP2EI41,227311,4,"['dance pop', 'pop', 'post-teen pop', 'electropop']"
0.562,0.816,1,-3.143,0,0.0504,0.0238,0,0.0765,0.65,74.474,audio_features,7e2y3akt1MG3d5JXAeR9S2,spotify:track:7e2y3akt1MG3d5JXAeR9S2,https://api.spotify.com/v1/tracks/7e2y3akt1MG3d5JXAeR9S2,https://api.spotify.com/v1/audio-analysis/7e2y3akt1MG3d5JXAeR9S2,222947,4,"['modern rock', 'pop', 'pop rap']"
0.513,0.63,3,-6.333,1,0.0859,0.313,0,0.171,0.297,148.139,audio_features,0yqCB9ZjqXWncbcK0Erb8g,spotify:track:0yqCB9ZjqXWncbcK0Erb8g,https://api.spotify.com/v1/tracks/0yqCB9ZjqXWncbcK0Erb8g,https://api.spotify.com/v1/audio-analysis/0yqCB9ZjqXWncbcK0Erb8g,178307,4,"['canadian punk', 'canadian rock', 'pop punk', 'pop rock', 'post-grunge', 'reggae fusion', 'virgin islands reggae']"
0.576,0.725,11,-8.73,1,0.0276,0.0188,5.04e-05,0.103,0.56,96.974,audio_features,2tOutzFrnYl5TqzLqlx4Vw,spotify:track:2tOutzFrnYl5TqzLqlx4Vw,https://api.spotify.com/v1/tracks/2tOutzFrnYl5TqzLqlx4Vw,https://api.spotify.com/v1/audio-analysis/2tOutzFrnYl5TqzLqlx4Vw,256533,4,"['dance pop', 'pop', 'post-teen pop']"
0.823,0.822,1,-5.323,0,0.0334,0.113,4.57e-05,0.0688,0.938,125.026,audio_features,6TK4Gszcg4IqyW0Ewtejcd,spotify:track:6TK4Gszcg4IqyW0Ewtejcd,https://api.spotify.com/v1/tracks/6TK4Gszcg4IqyW0Ewtejcd,https://api.spotify.com/v1/audio-analysis/6TK4Gszcg4IqyW0Ewtejcd,211377,4,"['anthem worship', 'ccm', 'christian alternative rock', 'christian music', 'christian rock', 'world worship', 'worship']"
0.736,0.747,2,-6.673,1,0.0551,0.0968,5.21e-06,0.0952,0.532,96.993,audio_features,1WCsEbnaJ0yKNQCETD2ruC,spotify:track:1WCsEbnaJ0yKNQCETD2ruC,https://api.spotify.com/v1/tracks/1WCsEbnaJ0yKNQCETD2ruC,https://api.spotify.com/v1/audio-analysis/1WCsEbnaJ0yKNQCETD2ruC,201311,4,"['dance pop', 'europop', 'folk-pop', 'pop', 'pop rock', 'r&b']"
0.479,0.868,2,-5.367,1,0.0521,0.0269,0,0.0695,0.516,178.793,audio_features,6kpK6pS88tHTEOUdo5W09a,spotify:track:6kpK6pS88tHTEOUdo5W09a,https://api.spotify.com/v1/tracks/6kpK6pS88tHTEOUdo5W09a,https://api.spotify.com/v1/audio-analysis/6kpK6pS88tHTEOUdo5W09a,232933,4,[]
0.482,0.45,5,-5.255,1,0.0288,0.398,4.94e-05,0.115,0.168,111.986,audio_features,2ocm1FEjPuBHW60QvjRojZ,spotify:track:2ocm1FEjPuBHW60QvjRojZ,https://api.spotify.com/v1/tracks/2ocm1FEjPuBHW60QvjRojZ,https://api.spotify.com/v1/audio-analysis/2ocm1FEjPuBHW60QvjRojZ,174853,4,"['indie pop', 'indie poptimism', 'indie psych-rock', 'indietronica', 'modern rock', 'shimmer pop']"
0.57,0.89,3,-3.808,1,0.0322,0.0127,0.000151,0.124,0.57,121.015,audio_features,3FEYdjcl7DEsWCDDPHI78H,spotify:track:3FEYdjcl7DEsWCDDPHI78H,https://api.spotify.com/v1/tracks/3FEYdjcl7DEsWCDDPHI78H,https://api.spotify.com/v1/audio-analysis/3FEYdjcl7DEsWCDDPHI78H,205280,4,"['acoustic pop', 'indiecoustica']"
0.487,0.734,0,-5.506,1,0.063,0.18,0,0.0997,0.308,171.987,audio_features,2OtcGlYvI7rMGNJKG6pDLg,spotify:track:2OtcGlYvI7rMGNJKG6pDLg,https://api.spotify.com/v1/tracks/2OtcGlYvI7rMGNJKG6pDLg,https://api.spotify.com/v1/audio-analysis/2OtcGlYvI7rMGNJKG6pDLg,196911,4,"['irish pop', 'pop']"
0.355,0.437,0,-12.321,1,0.0465,0.499,0.0023,0.0942,0.0956,120.023,audio_features,0PtU7G83PFe3apGJSVhMJp,spotify:track:0PtU7G83PFe3apGJSVhMJp,https://api.spotify.com/v1/tracks/0PtU7G83PFe3apGJSVhMJp,https://api.spotify.com/v1/audio-analysis/0PtU7G83PFe3apGJSVhMJp,299427,4,"['australian pop', 'dance pop', 'indie cafe pop', 'pop', 'post-teen pop', 'viral pop']"
0.582,0.826,10,-4.683,0,0.0329,0.293,0,0.11,0.556,139.846,audio_features,4c6D6IkTEpUmACruCkgfpx,spotify:track:4c6D6IkTEpUmACruCkgfpx,https://api.spotify.com/v1/tracks/4c6D6IkTEpUmACruCkgfpx,https://api.spotify.com/v1/audio-analysis/4c6D6IkTEpUmACruCkgfpx,198875,4,"['dance pop', 'neo mellow', 'piano rock', 'pop', 'pop rap', 'pop rock', 'post-teen pop']"
0.61,0.807,2,-3.426,1,0.0365,0.261,0,0.183,0.403,120.013,audio_features,4UU97IGHOhBhZjCUgDFUiz,spotify:track:4UU97IGHOhBhZjCUgDFUiz,https://api.spotify.com/v1/tracks/4UU97IGHOhBhZjCUgDFUiz,https://api.spotify.com/v1/audio-analysis/4UU97IGHOhBhZjCUgDFUiz,178093,4,['pop']
0.645,0.39,4,-9.26,1,0.0397,0.59,0.0141,0.159,0.703,98.98,audio_features,3tWp93Y61r4j6ASXbJVUL9,spotify:track:3tWp93Y61r4j6ASXbJVUL9,https://api.spotify.com/v1/tracks/3tWp93Y61r4j6ASXbJVUL9,https://api.spotify.com/v1/audio-analysis/3tWp93Y61r4j6ASXbJVUL9,183449,4,"['acoustic pop', 'indiecoustica', 'neo mellow', 'pop rock', 'viral pop']"
0.574,0.207,11,-11.81,1,0.0592,0.927,0,0.108,0.421,77.83,audio_features,4h1Q0hOKbeRPjtmaTdv7n3,spotify:track:4h1Q0hOKbeRPjtmaTdv7n3,https://api.spotify.com/v1/tracks/4h1Q0hOKbeRPjtmaTdv7n3,https://api.spotify.com/v1/audio-analysis/4h1Q0hOKbeRPjtmaTdv7n3,185474,4,[]
0.611,0.858,10,-7.188,1,0.0484,0.0101,0,0.19,0.644,115.017,audio_features,1vFLcd2AsrlvBfL4kmeF8m,spotify:track:1vFLcd2AsrlvBfL4kmeF8m,https://api.spotify.com/v1/tracks/1vFLcd2AsrlvBfL4kmeF8m,https://api.spotify.com/v1/audio-analysis/1vFLcd2AsrlvBfL4kmeF8m,235579,4,"['indie cafe pop', 'pop', 'post-teen pop', 'viral pop']"
0.639,0.707,7,-5.062,1,0.0739,0.0881,0,0.176,0.352,87.944,audio_features,6bRbeEgg8v8BQ0HuVuPE7v,spotify:track:6bRbeEgg8v8BQ0HuVuPE7v,https://api.spotify.com/v1/tracks/6bRbeEgg8v8BQ0HuVuPE7v,https://api.spotify.com/v1/audio-analysis/6bRbeEgg8v8BQ0HuVuPE7v,204067,4,[]
0.546,0.595,8,-6.913,1,0.122,0.12,0,0.198,0.528,167.993,audio_features,4hsJ87ObF72ZV50fLI2w9o,spotify:track:4hsJ87ObF72ZV50fLI2w9o,https://api.spotify.com/v1/tracks/4hsJ87ObF72ZV50fLI2w9o,https://api.spotify.com/v1/audio-analysis/4hsJ87ObF72ZV50fLI2w9o,201427,4,"['pop', 'post-teen pop', 'viral pop']"
0.499,0.763,2,-8.134,1,0.0668,0.351,2.67e-05,0.0833,0.335,127.955,audio_features,27fqMXBLrFy50bCyUp1LMM,spotify:track:27fqMXBLrFy50bCyUp1LMM,https://api.spotify.com/v1/tracks/27fqMXBLrFy50bCyUp1LMM,https://api.spotify.com/v1/audio-analysis/27fqMXBLrFy50bCyUp1LMM,271049,4,[]
0.719,0.462,0,-13.608,1,0.0376,0.235,0.0148,0.502,0.25,110.006,audio_features,655F41ru1TYDPZjDSuKa0f,spotify:track:655F41ru1TYDPZjDSuKa0f,https://api.spotify.com/v1/tracks/655F41ru1TYDPZjDSuKa0f,https://api.spotify.com/v1/audio-analysis/655F41ru1TYDPZjDSuKa0f,189879,4,[]
0.642,0.664,11,-6.864,1,0.0329,0.26,1.69e-05,0.13,0.356,100.036,audio_features,6d3sEpkt7Tf77dpLpxBAEq,spotify:track:6d3sEpkt7Tf77dpLpxBAEq,https://api.spotify.com/v1/tracks/6d3sEpkt7Tf77dpLpxBAEq,https://api.spotify.com/v1/audio-analysis/6d3sEpkt7Tf77dpLpxBAEq,232787,4,[]
0.748,0.652,7,-3.02,1,0.058,0.208,0,0.128,0.431,106.914,audio_features,2ARqIya5NAuvFVHSN3bL0m,spotify:track:2ARqIya5NAuvFVHSN3bL0m,https://api.spotify.com/v1/tracks/2ARqIya5NAuvFVHSN3bL0m,https://api.spotify.com/v1/audio-analysis/2ARqIya5NAuvFVHSN3bL0m,184732,4,"['canadian pop', 'canadian pop']"
0.607,0.728,5,-5.84,1,0.0382,0.00164,0,0.303,0.419,110.05,audio_features,2CCcCusU3AuekOG18ww9Yj,spotify:track:2CCcCusU3AuekOG18ww9Yj,https://api.spotify.com/v1/tracks/2CCcCusU3AuekOG18ww9Yj,https://api.spotify.com/v1/audio-analysis/2CCcCusU3AuekOG18ww9Yj,220080,4,"['complextro', 'dance pop', 'edm', 'german techno', 'pop', 'post-teen pop', 'tropical house', 'contemporary country', 'pop', 'pop edm']"
0.66,0.786,2,-4.757,1,0.17,0.209,0,0.112,0.846,177.833,audio_features,4aWmUDTfIPGksMNLV2rQP2,spotify:track:4aWmUDTfIPGksMNLV2rQP2,https://api.spotify.com/v1/tracks/4aWmUDTfIPGksMNLV2rQP2,https://api.spotify.com/v1/audio-analysis/4aWmUDTfIPGksMNLV2rQP2,228200,4,"['acoustic pop', 'dance pop', 'folk-pop', 'neo mellow', 'pop', 'pop rock', 'post-teen pop', 'viral pop']"
0.518,0.785,3,-2.437,1,0.0341,0.0665,0,0.18,0.268,112.085,audio_features,5ydoRCPqb6oXxVEtPFo9Ep,spotify:track:5ydoRCPqb6oXxVEtPFo9Ep,https://api.spotify.com/v1/tracks/5ydoRCPqb6oXxVEtPFo9Ep,https://api.spotify.com/v1/audio-analysis/5ydoRCPqb6oXxVEtPFo9Ep,231773,4,"['latin', 'latin pop', 'pop', 'latin', 'latin hip hop', 'pop', 'reggaeton', 'tropical']"
0.718,0.609,0,-4.699,0,0.0429,0.281,3.29e-05,0.234,0.497,122.948,audio_features,4SPLWgCPoKwULz2UTM8TKg,spotify:track:4SPLWgCPoKwULz2UTM8TKg,https://api.spotify.com/v1/tracks/4SPLWgCPoKwULz2UTM8TKg,https://api.spotify.com/v1/audio-analysis/4SPLWgCPoKwULz2UTM8TKg,214867,4,"['acoustic pop', 'indiecoustica', 'neo mellow', 'pop rock', 'viral pop']"
0.593,0.868,1,-3.573,0,0.295,0.183,0,0.365,0.496,104.988,audio_features,7aF09WaavZAmAWuUeYxlYD,spotify:track:7aF09WaavZAmAWuUeYxlYD,https://api.spotify.com/v1/tracks/7aF09WaavZAmAWuUeYxlYD,https://api.spotify.com/v1/audio-analysis/7aF09WaavZAmAWuUeYxlYD,201257,4,"['dance pop', 'edm', 'pop', 'tropical house', 'uk dance', 'uk funky', 'dance pop', 'edm', 'electropop', 'pop', 'post-teen pop', 'r&b', 'scandipop', 'swedish electropop', 'swedish pop', 'tropical house']"
0.689,0.481,10,-7.503,1,0.0815,0.369,1.03e-06,0.0649,0.283,80.025,audio_features,7wqSzGeodspE3V6RBD5W8L,spotify:track:7wqSzGeodspE3V6RBD5W8L,https://api.spotify.com/v1/tracks/7wqSzGeodspE3V6RBD5W8L,https://api.spotify.com/v1/audio-analysis/7wqSzGeodspE3V6RBD5W8L,229526,4,"['dance pop', 'neo mellow', 'piano rock', 'pop', 'pop rap', 'pop rock', 'post-teen pop', 'dance pop', 'edm', 'norwegian pop', 'pop', 'pop edm', 'tropical house']"
0.576,0.782,6,-4.825,0,0.0296,0.00778,0,0.285,0.355,141.153,audio_features,4nA0biSjtvOL41Hd9MBXqR,spotify:track:4nA0biSjtvOL41Hd9MBXqR,https://api.spotify.com/v1/tracks/4nA0biSjtvOL41Hd9MBXqR,https://api.spotify.com/v1/audio-analysis/4nA0biSjtvOL41Hd9MBXqR,224031,4,"['hip hop', 'pittsburgh rap', 'pop', 'pop rap', 'rap', 'southern hip hop', 'trap music', 'dance pop', 'pop', 'post-teen pop', 'viral pop']"
0.622,0.658,0,-6.04,1,0.0421,0.273,0,0.156,0.595,152.008,audio_features,2deVzEBjaynWlasbsSFZWf,spotify:track:2deVzEBjaynWlasbsSFZWf,https://api.spotify.com/v1/tracks/2deVzEBjaynWlasbsSFZWf,https://api.spotify.com/v1/audio-analysis/2deVzEBjaynWlasbsSFZWf,207080,4,"['dance pop', 'edm', 'electropop', 'pop', 'post-teen pop', 'r&b', 'scandipop', 'swedish electropop', 'swedish pop', 'tropical house']"
0.555,0.474,4,-10.132,1,0.0401,0.517,0.000192,0.107,0.138,84.962,audio_features,251ID0ALvzyA7Xdov2m4aM,spotify:track:251ID0ALvzyA7Xdov2m4aM,https://api.spotify.com/v1/tracks/251ID0ALvzyA7Xdov2m4aM,https://api.spotify.com/v1/audio-analysis/251ID0ALvzyA7Xdov2m4aM,198680,4,"['acoustic pop', 'indiecoustica', 'neo mellow', 'pop rock', 'viral pop']"
0.731,0.794,0,-5.126,0,0.0522,0.0323,2.59e-05,0.112,0.356,139.994,audio_features,3HVr6jTVwBHBa2flM0eURR,spotify:track:3HVr6jTVwBHBa2flM0eURR,https://api.spotify.com/v1/tracks/3HVr6jTVwBHBa2flM0eURR,https://api.spotify.com/v1/audio-analysis/3HVr6jTVwBHBa2flM0eURR,220454,4,['lds youth']
0.701,0.888,11,-4.135,1,0.0578,0.027,0,0.0583,0.821,102.038,audio_features,4RE07pULGzyWAcpfoOHWAk,spotify:track:4RE07pULGzyWAcpfoOHWAk,https://api.spotify.com/v1/tracks/4RE07pULGzyWAcpfoOHWAk,https://api.spotify.com/v1/audio-analysis/4RE07pULGzyWAcpfoOHWAk,183676,4,"['pop rap', 'piano rock', 'viral pop']"
0.774,0.739,0,-4.022,1,0.0952,0.0316,5.95e-06,0.119,0.823,126.002,audio_features,6wZ8kvKP9d1MKlNFTMZrBK,spotify:track:6wZ8kvKP9d1MKlNFTMZrBK,https://api.spotify.com/v1/tracks/6wZ8kvKP9d1MKlNFTMZrBK,https://api.spotify.com/v1/audio-analysis/6wZ8kvKP9d1MKlNFTMZrBK,246240,4,['canadian pop']
0.828,0.51,6,-8.714,1,0.072,0.244,3.82e-05,0.0958,0.839,131.066,audio_features,1J5V5WSnnaJRNSXTvHtix5,spotify:track:1J5V5WSnnaJRNSXTvHtix5,https://api.spotify.com/v1/tracks/1J5V5WSnnaJRNSXTvHtix5,https://api.spotify.com/v1/audio-analysis/1J5V5WSnnaJRNSXTvHtix5,227176,4,"['dance pop', 'girl group', 'pop', 'post-teen pop', 'r&b', 'talent show', 'uk pop']"
0.541,0.559,3,-8.297,1,0.035,0.532,0.00719,0.245,0.506,114.979,audio_features,5mSN0oVgwVpDakWYtrpHun,spotify:track:5mSN0oVgwVpDakWYtrpHun,https://api.spotify.com/v1/tracks/5mSN0oVgwVpDakWYtrpHun,https://api.spotify.com/v1/audio-analysis/5mSN0oVgwVpDakWYtrpHun,194412,4,['scandipop']
0.589,0.731,2,-6.343,1,0.0868,0.0534,0,0.308,0.191,87.908,audio_features,3YU6vJbjYUG0tiJyXf9x5V,spotify:track:3YU6vJbjYUG0tiJyXf9x5V,https://api.spotify.com/v1/tracks/3YU6vJbjYUG0tiJyXf9x5V,https://api.spotify.com/v1/audio-analysis/3YU6vJbjYUG0tiJyXf9x5V,268867,4,"['indie cafe pop', 'indiecoustica', 'neo mellow']"
0.526,0.492,9,-8.399,1,0.0308,0.246,0,0.0788,0.395,147.692,audio_features,7tdeRuxm2iqj76v2F2aERl,spotify:track:7tdeRuxm2iqj76v2F2aERl,https://api.spotify.com/v1/tracks/7tdeRuxm2iqj76v2F2aERl,https://api.spotify.com/v1/audio-analysis/7tdeRuxm2iqj76v2F2aERl,223133,4,"['hip hop', 'indie pop rap', 'pop', 'pop rap', 'rap', 'dance pop', 'electropop', 'etherpop', 'indie poptimism', 'pop', 'post-teen pop']"
0.607,0.718,4,-4.095,1,0.0978,0.032,0,0.403,0.551,101.821,audio_features,5Ua3GXyHwiSfpNTMjq6m2z,spotify:track:5Ua3GXyHwiSfpNTMjq6m2z,https://api.spotify.com/v1/tracks/5Ua3GXyHwiSfpNTMjq6m2z,https://api.spotify.com/v1/audio-analysis/5Ua3GXyHwiSfpNTMjq6m2z,213307,4,['canadian pop']
0.557,0.824,10,-6.947,1,0.0776,0.0018,0.000542,0.0999,0.611,135.446,audio_features,7KEajVD9AUG68onXRSFZTv,spotify:track:7KEajVD9AUG68onXRSFZTv,https://api.spotify.com/v1/tracks/7KEajVD9AUG68onXRSFZTv,https://api.spotify.com/v1/audio-analysis/7KEajVD9AUG68onXRSFZTv,245360,4,"['dance pop', 'girl group', 'pop', 'post-teen pop', 'r&b', 'talent show', 'uk pop']"
0.451,0.809,0,-5.327,1,0.141,0.073,0,0.201,0.481,189.888,audio_features,5pD9x23lsoQr464mlmaKNJ,spotify:track:5pD9x23lsoQr464mlmaKNJ,https://api.spotify.com/v1/tracks/5pD9x23lsoQr464mlmaKNJ,https://api.spotify.com/v1/audio-analysis/5pD9x23lsoQr464mlmaKNJ,237915,4,"['indie rock', 'modern rock', 'permanent wave', 'rock']"
0.255,0.0734,9,-17.988,0,0.0333,0.383,0.0001,0.2,0.136,92.884,audio_features,5ONu4EF5vxDOCmBbQI6s0M,spotify:track:5ONu4EF5vxDOCmBbQI6s0M,https://api.spotify.com/v1/tracks/5ONu4EF5vxDOCmBbQI6s0M,https://api.spotify.com/v1/audio-analysis/5ONu4EF5vxDOCmBbQI6s0M,218507,4,"['dance pop', 'pop', 'post-teen pop']"
0.674,0.882,3,-2.771,0,0.0477,0.000441,6.47e-05,0.068,0.682,123.016,audio_features,3pU3mRumn5rWii1rKNu1eV,spotify:track:3pU3mRumn5rWii1rKNu1eV,https://api.spotify.com/v1/tracks/3pU3mRumn5rWii1rKNu1eV,https://api.spotify.com/v1/audio-analysis/3pU3mRumn5rWii1rKNu1eV,205733,4,"['scorecore', 'soundtrack']"
0.38,0.553,7,-6.621,1,0.0653,0.421,2.63e-06,0.0788,0.384,179.629,audio_features,3ZD3kjn80pQ9keYO8eqp9d,spotify:track:3ZD3kjn80pQ9keYO8eqp9d,https://api.spotify.com/v1/tracks/3ZD3kjn80pQ9keYO8eqp9d,https://api.spotify.com/v1/audio-analysis/3ZD3kjn80pQ9keYO8eqp9d,189333,4,"['alternative dance', 'dance pop', 'electropop', 'indietronica', 'neo-synthpop', 'new rave', 'pop']"
0.7,0.714,9,-6.295,0,0.104,0.122,0,0.0428,0.458,99.909,audio_features,52yOf7Ls1u5AO3cFIzQ58m,spotify:track:52yOf7Ls1u5AO3cFIzQ58m,https://api.spotify.com/v1/tracks/52yOf7Ls1u5AO3cFIzQ58m,https://api.spotify.com/v1/audio-analysis/52yOf7Ls1u5AO3cFIzQ58m,234308,4,"['dance pop', 'electropop', 'pop', 'post-teen pop']"
0.663,0.712,1,-4.945,0,0.0381,0.0649,0,0.119,0.48,122.014,audio_features,1fh2TfUOtOoXEE8qQynYEC,spotify:track:1fh2TfUOtOoXEE8qQynYEC,https://api.spotify.com/v1/tracks/1fh2TfUOtOoXEE8qQynYEC,https://api.spotify.com/v1/audio-analysis/1fh2TfUOtOoXEE8qQynYEC,257280,4,"['pop', 'atl hip hop', 'hip hop', 'pop', 'pop rap', 'rap', 'southern hip hop', 'trap music']"
0.519,0.554,0,-6.412,1,0.0385,0.381,0,0.115,0.194,153.676,audio_features,4v094LQ9eF10k2O2Te2ngK,spotify:track:4v094LQ9eF10k2O2Te2ngK,https://api.spotify.com/v1/tracks/4v094LQ9eF10k2O2Te2ngK,https://api.spotify.com/v1/audio-analysis/4v094LQ9eF10k2O2Te2ngK,223044,4,"['dance pop', 'neo mellow', 'piano rock', 'pop', 'pop rap', 'pop rock', 'post-teen pop']"
0.552,0.667,8,-3.872,1,0.0266,0.0057,0,0.15,0.461,102.003,audio_features,5zl3B9wgRCoBRy6wjAqJmJ,spotify:track:5zl3B9wgRCoBRy6wjAqJmJ,https://api.spotify.com/v1/tracks/5zl3B9wgRCoBRy6wjAqJmJ,https://api.spotify.com/v1/audio-analysis/5zl3B9wgRCoBRy6wjAqJmJ,187927,4,"['dance pop', 'neo mellow', 'pop', 'post-teen pop']"
0.49,0.39,1,-8.669,1,0.0258,0.107,0.000278,0.118,0.199,70.035,audio_features,1yL9xFMevJdbCQxErkiGZe,spotify:track:1yL9xFMevJdbCQxErkiGZe,https://api.spotify.com/v1/tracks/1yL9xFMevJdbCQxErkiGZe,https://api.spotify.com/v1/audio-analysis/1yL9xFMevJdbCQxErkiGZe,171508,4,[]
0.564,0.768,8,-6.431,1,0.0342,0.00262,0,0.324,0.362,144.971,audio_features,31t0ATifZW5CW3XP2QUsUW,spotify:track:31t0ATifZW5CW3XP2QUsUW,https://api.spotify.com/v1/tracks/31t0ATifZW5CW3XP2QUsUW,https://api.spotify.com/v1/audio-analysis/31t0ATifZW5CW3XP2QUsUW,197793,4,"['channel pop', 'classify', 'indie cafe pop', 'neo mellow', 'post-teen pop', 'viral pop']"
0.669,0.561,11,-4.923,0,0.209,0.157,0,0.0739,0.604,180.044,audio_features,2jYmK1cb3Uya6FFsocdpzO,spotify:track:2jYmK1cb3Uya6FFsocdpzO,https://api.spotify.com/v1/tracks/2jYmK1cb3Uya6FFsocdpzO,https://api.spotify.com/v1/audio-analysis/2jYmK1cb3Uya6FFsocdpzO,171096,4,"['boy band', 'dance pop', 'pop', 'post-teen pop', 'tropical house', 'viral pop', 'dance pop', 'deep tropical house', 'edm', 'pop', 'pop edm', 'tropical house']"
0.746,0.631,8,-7.968,0,0.231,0.218,0,0.222,0.342,104.047,audio_features,3SGWp9fJCzgK0WcpcKSQdy,spotify:track:3SGWp9fJCzgK0WcpcKSQdy,https://api.spotify.com/v1/tracks/3SGWp9fJCzgK0WcpcKSQdy,https://api.spotify.com/v1/audio-analysis/3SGWp9fJCzgK0WcpcKSQdy,184840,4,"['dance pop', 'pop', 'post-teen pop', 'viral pop']"
0.346,0.844,9,-3.164,0,0.0857,0.00441,0,0.113,0.401,175.997,audio_features,1N1JEeVv5TO2wQpk7vGVLs,spotify:track:1N1JEeVv5TO2wQpk7vGVLs,https://api.spotify.com/v1/tracks/1N1JEeVv5TO2wQpk7vGVLs,https://api.spotify.com/v1/audio-analysis/1N1JEeVv5TO2wQpk7vGVLs,231813,4,"['post-teen pop', 'dance pop', 'edm', 'electropop', 'pop', 'pop edm', 'post-teen pop', 'tropical house']"
0.503,0.785,8,-4.756,1,0.0971,0.0817,0,0.25,0.508,173.962,audio_features,0KS8IY5kiBOOnkR5OJKv7K,spotify:track:0KS8IY5kiBOOnkR5OJKv7K,https://api.spotify.com/v1/tracks/0KS8IY5kiBOOnkR5OJKv7K,https://api.spotify.com/v1/audio-analysis/0KS8IY5kiBOOnkR5OJKv7K,210840,4,"['emo', 'modern rock', 'pop punk']"
0.459,0.741,4,-6.43,0,0.0495,0.000189,0,0.481,0.344,189.879,audio_features,3vMCg20dt8lUiPozDINUBf,spotify:track:3vMCg20dt8lUiPozDINUBf,https://api.spotify.com/v1/tracks/3vMCg20dt8lUiPozDINUBf,https://api.spotify.com/v1/audio-analysis/3vMCg20dt8lUiPozDINUBf,231013,4,"['dance pop', 'pop', 'post-teen pop', 'r&b']"
0.447,0.406,0,-7.3,1,0.0275,0.574,0,0.158,0.0524,122.799,audio_features,6fl5YCRv1d6P8jGf33iXHk,spotify:track:6fl5YCRv1d6P8jGf33iXHk,https://api.spotify.com/v1/tracks/6fl5YCRv1d6P8jGf33iXHk,https://api.spotify.com/v1/audio-analysis/6fl5YCRv1d6P8jGf33iXHk,261400,4,['pop']
0.33,0.551,10,-7.921,1,0.0429,0.194,9.28e-06,0.115,0.563,78.448,audio_features,19ibYZL8B8wmp4gwH9vMQy,spotify:track:19ibYZL8B8wmp4gwH9vMQy,https://api.spotify.com/v1/tracks/19ibYZL8B8wmp4gwH9vMQy,https://api.spotify.com/v1/audio-analysis/19ibYZL8B8wmp4gwH9vMQy,210667,3,"['modern rock', 'rock']"
0.703,0.733,7,-3.598,1,0.0852,0.111,0,0.119,0.82,121.008,audio_features,0hPuF2Z5fZjnuwYPvIdPC1,spotify:track:0hPuF2Z5fZjnuwYPvIdPC1,https://api.spotify.com/v1/tracks/0hPuF2Z5fZjnuwYPvIdPC1,https://api.spotify.com/v1/audio-analysis/0hPuF2Z5fZjnuwYPvIdPC1,201600,4,"['dance pop', 'neo mellow', 'piano rock', 'pop', 'pop rap', 'pop rock', 'post-teen pop']"
0.532,0.778,7,-6.69,0,0.218,0.00246,0.000111,0.153,0.252,169.923,audio_features,4d9OMbRg62jAFaqsoZ3M6z,spotify:track:4d9OMbRg62jAFaqsoZ3M6z,https://api.spotify.com/v1/tracks/4d9OMbRg62jAFaqsoZ3M6z,https://api.spotify.com/v1/audio-analysis/4d9OMbRg62jAFaqsoZ3M6z,200733,4,"['dance pop', 'pop', 'post-teen pop', 'r&b', 'australian pop', 'dance pop', 'electropop', 'pop', 'post-teen pop', 'r&b', 'talent show', 'viral pop']"
0.857,0.246,10,-11.901,1,0.0527,0.652,0,0.0885,0.767,106.104,audio_features,1TjUr7Inxzm83MpyvC9Iir,spotify:track:1TjUr7Inxzm83MpyvC9Iir,https://api.spotify.com/v1/tracks/1TjUr7Inxzm83MpyvC9Iir,https://api.spotify.com/v1/audio-analysis/1TjUr7Inxzm83MpyvC9Iir,277785,4,"['hip hop', 'pop rap', 'rap', 'dance pop', 'pop', 'post-teen pop']"
0.49,0.71,2,-5.997,1,0.0487,0.103,0,0.109,0.283,140.072,audio_features,7BVZ62e8J6KIFlAOPFct2C,spotify:track:7BVZ62e8J6KIFlAOPFct2C,https://api.spotify.com/v1/tracks/7BVZ62e8J6KIFlAOPFct2C,https://api.spotify.com/v1/audio-analysis/7BVZ62e8J6KIFlAOPFct2C,241640,4,['viral pop']
0.657,0.674,1,-5.094,1,0.102,0.343,0.00243,0.104,0.298,85.955,audio_features,3Eq3lltRkEEfzgPxr8zCR4,spotify:track:3Eq3lltRkEEfzgPxr8zCR4,https://api.spotify.com/v1/tracks/3Eq3lltRkEEfzgPxr8zCR4,https://api.spotify.com/v1/audio-analysis/3Eq3lltRkEEfzgPxr8zCR4,242573,4,"['dance pop', 'neo mellow', 'piano rock', 'pop', 'pop rap', 'pop rock', 'post-teen pop']"
0.554,0.84,7,-4.686,1,0.0721,0.00811,0,0.0797,0.411,125.817,audio_features,4vrMquvOTqh4TmkBtzYVOo,spotify:track:4vrMquvOTqh4TmkBtzYVOo,https://api.spotify.com/v1/tracks/4vrMquvOTqh4TmkBtzYVOo,https://api.spotify.com/v1/audio-analysis/4vrMquvOTqh4TmkBtzYVOo,234693,4,"['indie cafe pop', 'pop', 'viral pop']"
0.617,0.427,4,-9.451,0,0.034,0.226,1.23e-06,0.108,0.361,145.058,audio_features,2uQvFhi8Ic7bfZQF4O4afa,spotify:track:2uQvFhi8Ic7bfZQF4O4afa,https://api.spotify.com/v1/tracks/2uQvFhi8Ic7bfZQF4O4afa,https://api.spotify.com/v1/audio-analysis/2uQvFhi8Ic7bfZQF4O4afa,233587,4,"['folk-pop', 'neo mellow', 'pop', 'pop rock']"
0.68,0.666,10,-5.698,1,0.0441,0.0217,0,0.125,0.501,74.0,audio_features,5ZuInVOgNrq49O6XtYpjq1,spotify:track:5ZuInVOgNrq49O6XtYpjq1,https://api.spotify.com/v1/tracks/5ZuInVOgNrq49O6XtYpjq1,https://api.spotify.com/v1/audio-analysis/5ZuInVOgNrq49O6XtYpjq1,214787,4,"['dance pop', 'pop', 'pop rap']"
0.625,0.404,7,-9.813,1,0.0299,0.775,0,0.137,0.525,95.793,audio_features,7p71VNVKOvPAEQp0CeVaUf,spotify:track:7p71VNVKOvPAEQp0CeVaUf,https://api.spotify.com/v1/tracks/7p71VNVKOvPAEQp0CeVaUf,https://api.spotify.com/v1/audio-analysis/7p71VNVKOvPAEQp0CeVaUf,199013,4,"['dance pop', 'indie cafe pop', 'indie pop rap', 'indie poptimism', 'pop', 'pop rap', 'post-teen pop', 'tropical house']"
0.591,0.968,1,-4.662,1,0.161,0.0593,0,0.0916,0.613,145.968,audio_features,43e36v0WfIrHoPLJnl4ohl,spotify:track:43e36v0WfIrHoPLJnl4ohl,https://api.spotify.com/v1/tracks/43e36v0WfIrHoPLJnl4ohl,https://api.spotify.com/v1/audio-analysis/43e36v0WfIrHoPLJnl4ohl,205240,4,"['canadian pop', 'dance pop', 'pop', 'post-teen pop', 'viral pop']"
0.644,0.797,1,-4.491,0,0.0425,0.108,0,0.099,0.59,94.012,audio_features,0HryiIbDgXoppVCCuJrhA0,spotify:track:0HryiIbDgXoppVCCuJrhA0,https://api.spotify.com/v1/tracks/0HryiIbDgXoppVCCuJrhA0,https://api.spotify.com/v1/audio-analysis/0HryiIbDgXoppVCCuJrhA0,186647,4,[]
0.688,0.805,2,-4.753,0,0.127,0.0197,0,0.0967,0.499,108.94,audio_features,1FiRonMYjuhJEDG2xHFDxH,spotify:track:1FiRonMYjuhJEDG2xHFDxH,https://api.spotify.com/v1/tracks/1FiRonMYjuhJEDG2xHFDxH,https://api.spotify.com/v1/audio-analysis/1FiRonMYjuhJEDG2xHFDxH,178583,4,[]
0.518,0.554,1,-5.467,1,0.0259,0.0741,0,0.0696,0.2,84.987,audio_features,2WEjutXYTp4QW85jLDMcXQ,spotify:track:2WEjutXYTp4QW85jLDMcXQ,https://api.spotify.com/v1/tracks/2WEjutXYTp4QW85jLDMcXQ,https://api.spotify.com/v1/audio-analysis/2WEjutXYTp4QW85jLDMcXQ,226330,4,"['dance pop', 'pop', 'post-teen pop', 'uk pop']"
